id,name,region,age,institution,password
1,Jordan,22,Sikkim,California Institute of Technology (Caltech),password
2,Karma,56,Puducherry,Snap,password
3,Lelia,46,Mizoram,Micron Technology,password
4,Richard,35,Andaman and Nicobar Islands,Zillow Group,password
5,Wanda,52,Meghalaya,NXP Semiconductors,password
6,Steven,60,Tamil Nadu,MongoDB,password
7,Robert,40,Chandigarh,University of Chicago,password
8,Karen,23,Himachal Pradesh,Oracle,password
9,Margaret,19,Madhya Pradesh,PayPal,password
10,Darcie,48,Nagaland,Harvard University,password
11,Larry,58,Uttarakhand,Qorvo,password
12,Geoffrey,28,Goa,Palantir Technologies,password
13,Sandra,45,Tamil Nadu,Snowflake,password
14,Aubrey,37,Nagaland,Tesla,password
15,Sharon,26,Andhra Pradesh,Qualtrics,password
16,Celina,47,Uttar Pradesh,UiPath,password
17,Kathy,61,Rajasthan,GitHub,password
18,Ernest,27,Chandigarh,HP Inc.,password
19,Jerry,44,Kerala,Yale University,password
20,Brenda,37,Haryana,Atlassian,password
21,Emma,61,Assam,Cisco Systems,password
22,Jacquelin,45,Andaman and Nicobar Islands,Adobe,password
23,Frederick,19,Manipur,Twitter,password
24,Marilyn,46,Manipur,Square,password
25,Jill,37,Gujarat,Tesla,password
26,Lucille,28,Rajasthan,Xilinx,password
27,Donna,34,Daman and Diu,NVIDIA,password
28,Dennis,61,Chandigarh,Atlassian,password
29,Judith,32,Telangana,Fastly,password
30,Betty,58,Tamil Nadu,Zillow Group,password
31,Larry,27,Dadra and Nagar Haveli,Elastic,password
32,Anita,32,Manipur,Splunk,password
33,Robert,40,Puducherry,DocuSign,password
34,Leonard,44,Bihar,Dropbox,password
35,Sharon,25,Tripura,Zscaler,password
36,Barbara,63,Karnataka,Zscaler,password
37,Rochelle,39,Andaman and Nicobar Islands,University of Oxford,password
38,Ronald,19,Jharkhand,Fortinet,password
39,Alice,42,Andhra Pradesh,Intel,password
40,Aaron,33,Bihar,Workday,password
41,Mai,19,Uttarakhand,Seagate Technology,password
42,Brad,54,Dadra and Nagar Haveli,ASML,password
43,Brandy,33,Madhya Pradesh,Workday,password
44,Janice,61,Andaman and Nicobar Islands,UiPath,password
45,Audrey,38,Goa,Unity Technologies,password
46,Christopher,52,Jammu and Kashmir,Okta,password
47,Bess,30,Uttar Pradesh,Cisco Systems,password
48,Wanda,38,Jammu and Kashmir,IBM,password
49,Maria,49,Mizoram,Facebook,password
50,Pedro,49,Haryana,Texas Instruments,password
51,Theodore,53,Goa,MongoDB,password
52,Michelle,55,Manipur,Broadcom,password
53,Irene,63,Chandigarh,Broadcom,password
54,Michele,31,Jharkhand,Autodesk,password
55,Christina,23,Goa,Zillow Group,password
56,Marjorie,41,Jammu and Kashmir,Princeton University,password
57,David,62,Haryana,Palantir Technologies,password
58,Ella,32,Delhi,ON Semiconductor,password
59,Jean,64,Manipur,Seagate Technology,password
60,David,45,Rajasthan,Atlassian,password
61,Elaine,40,Mizoram,California Institute of Technology (Caltech),password
62,Amada,38,Gujarat,Snap,password
63,Tiffany,52,Nagaland,University of Chicago,password
64,Warren,19,Haryana,Uber,password
65,Aurelia,60,West Bengal,Fortinet,password
66,Stella,38,Karnataka,Lenovo,password
67,Nina,59,Kerala,DocuSign,password
68,David,32,Rajasthan,Massachusetts Institute of Technology (MIT),password
69,Irene,44,Jammu and Kashmir,Lenovo,password
70,Robert,30,Delhi,Qualtrics,password
71,Wilson,18,Tripura,HP Inc.,password
72,Joyce,27,Sikkim,NXP Semiconductors,password
73,Herbert,25,Haryana,Atlassian,password
74,Jodi,64,Sikkim,Analog Devices,password
75,Emma,28,Jharkhand,Microsoft,password
76,Jane,56,Puducherry,Square,password
77,Yuriko,55,Jammu and Kashmir,PagerDuty,password
78,Aldo,36,Mizoram,Zoom Video Communications,password
79,Marion,46,Andaman and Nicobar Islands,Palantir Technologies,password
80,Timothy,53,Nagaland,Dynatrace,password
81,Cathy,21,Assam,Palantir Technologies,password
82,Jeffery,48,Jammu and Kashmir,University of Chicago,password
83,Rhonda,31,Kerala,Seagate Technology,password
84,Sarah,27,Arunachal Pradesh,Dell Technologies,password
85,Jennell,46,Daman and Diu,SquareSpace,password
86,Eddie,27,Bihar,Netflix,password
87,Curtis,37,Uttar Pradesh,Netflix,password
88,Scott,21,Andaman and Nicobar Islands,Twilio,password
89,Carol,33,West Bengal,Yale University,password
90,Kevin,51,Nagaland,CrowdStrike,password
91,Sara,22,Mizoram,Cloudflare,password
92,Reina,38,Himachal Pradesh,Analog Devices,password
93,Dominick,54,Maharashtra,Splunk,password
94,Willie,57,Chhattisgarh,Synopsys,password
95,Harold,46,Uttar Pradesh,Dell Technologies,password
96,Rebecca,18,Manipur,Twitter,password
97,Debra,21,Uttar Pradesh,Apple,password
98,Jerald,46,Meghalaya,Texas Instruments,password
99,Jeffrey,57,Daman and Diu,Princeton University,password
100,Maurice,25,Andhra Pradesh,AppDynamics,password
101,Paneer,19,paneer,paneer,paneer
